player1,Basketball,./images/LeBronJames.webp,He is considered to be the Greatest Player of All Time by many. Collect his card today!,200,LeBron James
player2,Basketball,./images/Curry.jpg,He is considered to be the one of the greatest shooters of all time in NBA history. Collect his card today!,150,Stephen Curry
player3,Basketball,./images/luka.jpg,He is a young star player on the Mavs that will continue to dominate the NBA for awhile. Collect his card today!,167,Luka Doncic
player4,Football,./images/jalenhurts.jpg,Jalen Hurts is the starting quarterback for the Philadelphia Eagles and led them to Superbowl 57. Collect his card today!,192,Jalen Hurts
player5,Football,./images/patrickmahomes.jpg,Patrick Mahomes is the starting quarterback for the Kansas City Chiefs and led his team to a Superbowl 57 victory. Collect his card today!,200,Patrick Mahomes
player6,Football,./images/justinjefferson.jpg,Justin Jefferson a starting wide reciever for the Minnesota Vikings. He is a young talent. Collect his card today!,190,Justin Jefferson
